{
  "DisplayName": "Main-ActionCenter",
  "Tooltip": null,
  "HelpLink": null,
  "Color": null,
  "OriginalIconFileName": null,
  "Arguments": [
    {
      "Name": "in_TargetFile",
      "DisplayName": "in_TargetFile",
      "Category": null,
      "Tooltip": "The file path of the target document that is going to be processed.",
      "Placeholder": null,
      "Widget": null,
      "IsRequired": false,
      "IsPrincipal": true,
      "ArgumentType": 0,
      "DataSourceItems": null
    },
    {
      "Name": "in_UseQueue",
      "DisplayName": "in_UseQueue",
      "Category": null,
      "Tooltip": "Variable that checks if the Document Understanding Process is using Orchestrator Queues or not.",
      "Placeholder": "True",
      "Widget": null,
      "IsRequired": false,
      "IsPrincipal": true,
      "ArgumentType": 0,
      "DataSourceItems": null
    }
  ]
}